-- Learning Paths
INSERT INTO morse_learning_paths (id, slug, title, description, image_url, is_enrolled, percent_complete, was_recommended, suggested_course_slug, created_at, updated_at) VALUES ('7f8d5e73-9c1c-4a26-9ff0-24f528aa7614', 'foundational-math', 'Foundational Math', 'Master problem solving essentials in math', 'https://ds055uzetaobb.cloudfront.net/category-images/foundational-math-lI90N2.png', true, 1, false, 'pre-algebra', '2024-12-21T19:09:41.137Z', '2024-12-21T19:09:41.137Z');
INSERT INTO morse_learning_paths (id, slug, title, description, image_url, is_enrolled, percent_complete, was_recommended, suggested_course_slug, created_at, updated_at) VALUES ('7869b4ca-c04e-402b-8a3c-804c48f546b7', 'science', 'Science', 'See the science in the world around you', 'https://ds055uzetaobb.cloudfront.net/category-images/science-WrzOSf.png', true, 1, false, 'puzzle-science', '2024-12-21T19:09:41.137Z', '2024-12-21T19:09:41.137Z');
INSERT INTO morse_learning_paths (id, slug, title, description, image_url, is_enrolled, percent_complete, was_recommended, suggested_course_slug, created_at, updated_at) VALUES ('e38385d3-7a4a-459d-9eb5-0178cff0afbd', 'data-analysis', 'Data Analysis', 'Know your stuff in probability and data analysis', 'https://ds055uzetaobb.cloudfront.net/category-images/data-analysis-FD1qKK.png', true, 0, false, 'clustering', '2024-12-21T19:09:41.137Z', '2024-12-21T19:09:41.137Z');
INSERT INTO morse_learning_paths (id, slug, title, description, image_url, is_enrolled, percent_complete, was_recommended, suggested_course_slug, created_at, updated_at) VALUES ('1ab753b5-ac70-4e76-a64d-246678bb010d', 'computer-science', 'Programming & CS', 'Speak the language of computers', 'https://ds055uzetaobb.cloudfront.net/category-images/computer-science-9mKBqy.png', true, 10, false, 'thinking-in-code', '2024-12-21T19:09:41.137Z', '2024-12-21T19:09:41.137Z');
INSERT INTO morse_learning_paths (id, slug, title, description, image_url, is_enrolled, percent_complete, was_recommended, suggested_course_slug, created_at, updated_at) VALUES ('bb1ebc24-2b64-49d1-975f-bd01ac7f18a2', 'logical-reasoning', 'Logical Reasoning', 'Sharpen your reasoning skills', 'https://ds055uzetaobb.cloudfront.net/category-images/LLP__Logic_1-NvgXlb.png', false, 9, false, 'logic-deduction', '2024-12-21T19:09:41.137Z', '2024-12-21T19:09:41.137Z');
INSERT INTO morse_learning_paths (id, slug, title, description, image_url, is_enrolled, percent_complete, was_recommended, suggested_course_slug, created_at, updated_at) VALUES ('5cce8632-5ed5-47cb-b348-9c29c17a45de', 'technology', 'Technology', 'Deepen your knowledge of how things work', 'https://ds055uzetaobb.cloudfront.net/category-images/LLP__Technology_1-xnKgrD.png', false, 0, false, 'how-llms-work', '2024-12-21T19:09:41.137Z', '2024-12-21T19:09:41.137Z');
INSERT INTO morse_learning_paths (id, slug, title, description, image_url, is_enrolled, percent_complete, was_recommended, suggested_course_slug, created_at, updated_at) VALUES ('bd6bf586-0a13-45fc-8015-344c54559ab7', 'advanced-math', 'Advanced Math', 'Dive into key ideas in calculus, linear algebra, and beyond', 'https://ds055uzetaobb.cloudfront.net/category-images/advanced-math-jZJZQD.png', false, 0, false, 'calculus-nutshell', '2024-12-21T19:09:41.137Z', '2024-12-21T19:09:41.137Z');
INSERT INTO morse_learning_paths (id, slug, title, description, image_url, is_enrolled, percent_complete, was_recommended, suggested_course_slug, created_at, updated_at) VALUES ('9664b5d8-efc7-43fd-a2a6-6c3d2ea0ea25', 'mind-bending-math', 'Mind-Bending Math', 'Stretch your mind to infinity', 'https://ds055uzetaobb.cloudfront.net/category-images/LLP__Mind-bending_math_1-SoMhRX.png', false, 2, false, 'math-fundamentals', '2024-12-21T19:09:41.137Z', '2024-12-21T19:09:41.137Z');
INSERT INTO morse_learning_paths (id, slug, title, description, image_url, is_enrolled, percent_complete, was_recommended, suggested_course_slug, created_at, updated_at) VALUES ('389dd8e1-17d5-4ca3-bf7b-457203d275ed', 'puzzles', 'Puzzles', 'Put your problem solving skills to the test', 'https://ds055uzetaobb.cloudfront.net/category-images/LLP__Puzzles_1-9nNewq.png', false, 0, false, 'puzzles-100', '2024-12-21T19:09:41.137Z', '2024-12-21T19:09:41.137Z');

-- Levels
INSERT INTO morse_levels (id, path_id, number) VALUES ('d694995e-1476-4992-95a2-0159e662afbb', '7f8d5e73-9c1c-4a26-9ff0-24f528aa7614', 1);
INSERT INTO morse_levels (id, path_id, number) VALUES ('82031b2d-0d5b-4ce8-9ec3-28b642ddd1da', '7f8d5e73-9c1c-4a26-9ff0-24f528aa7614', 2);
INSERT INTO morse_levels (id, path_id, number) VALUES ('d4555ef4-1759-4324-a4f1-a9b048fab2e2', '7f8d5e73-9c1c-4a26-9ff0-24f528aa7614', 3);
INSERT INTO morse_levels (id, path_id, number) VALUES ('3ac287a5-6810-47a9-b056-49f01b1d6243', '7f8d5e73-9c1c-4a26-9ff0-24f528aa7614', 4);
INSERT INTO morse_levels (id, path_id, number) VALUES ('2b5704e2-0f06-4161-806f-4f9f36c2e6ca', '7f8d5e73-9c1c-4a26-9ff0-24f528aa7614', 5);
INSERT INTO morse_levels (id, path_id, number) VALUES ('78d88a4e-8739-469a-a2b4-15e1c27d19cd', '7869b4ca-c04e-402b-8a3c-804c48f546b7', 1);
INSERT INTO morse_levels (id, path_id, number) VALUES ('31d9b5ff-867a-42c4-a40c-931f5f774212', '7869b4ca-c04e-402b-8a3c-804c48f546b7', 2);
INSERT INTO morse_levels (id, path_id, number) VALUES ('94251eff-f3f0-4302-87bd-492a19afeff7', '7869b4ca-c04e-402b-8a3c-804c48f546b7', 3);
INSERT INTO morse_levels (id, path_id, number) VALUES ('370022b3-965b-4967-b2f8-986c61d9e494', '7869b4ca-c04e-402b-8a3c-804c48f546b7', 4);
INSERT INTO morse_levels (id, path_id, number) VALUES ('05a58dbf-237a-4b7b-8f6a-dc0ffe97e6e4', '7869b4ca-c04e-402b-8a3c-804c48f546b7', 5);
INSERT INTO morse_levels (id, path_id, number) VALUES ('2b9b3308-5b4b-432e-919c-52524138a434', 'e38385d3-7a4a-459d-9eb5-0178cff0afbd', 1);
INSERT INTO morse_levels (id, path_id, number) VALUES ('9393eefe-a262-449c-a6fd-6c9c214e7d28', 'e38385d3-7a4a-459d-9eb5-0178cff0afbd', 2);
INSERT INTO morse_levels (id, path_id, number) VALUES ('461d671a-36d0-4130-bc00-cab4cae560bc', 'e38385d3-7a4a-459d-9eb5-0178cff0afbd', 3);
INSERT INTO morse_levels (id, path_id, number) VALUES ('3a0d3002-9ea5-4515-942f-d86ebfb45a75', 'e38385d3-7a4a-459d-9eb5-0178cff0afbd', 4);
INSERT INTO morse_levels (id, path_id, number) VALUES ('3822d15a-1a3e-4dea-ab1e-648211444e61', 'e38385d3-7a4a-459d-9eb5-0178cff0afbd', 5);
INSERT INTO morse_levels (id, path_id, number) VALUES ('c597e7ff-16dc-4543-833a-f1b4a2707850', '1ab753b5-ac70-4e76-a64d-246678bb010d', 1);
INSERT INTO morse_levels (id, path_id, number) VALUES ('06a1f2fa-188d-48fb-b6fc-d9794b9d655b', '1ab753b5-ac70-4e76-a64d-246678bb010d', 2);
INSERT INTO morse_levels (id, path_id, number) VALUES ('60da9241-044e-4a60-9d30-9c93373c5199', '1ab753b5-ac70-4e76-a64d-246678bb010d', 3);
INSERT INTO morse_levels (id, path_id, number) VALUES ('f733d84b-95fc-4196-ba79-7092c772d97e', '1ab753b5-ac70-4e76-a64d-246678bb010d', 4);
INSERT INTO morse_levels (id, path_id, number) VALUES ('a24990bc-b01b-45b3-b3d7-a8727a18948f', '1ab753b5-ac70-4e76-a64d-246678bb010d', 5);
INSERT INTO morse_levels (id, path_id, number) VALUES ('346263bd-fdcd-43dd-ad8c-bc4b38118a35', 'bb1ebc24-2b64-49d1-975f-bd01ac7f18a2', 1);
INSERT INTO morse_levels (id, path_id, number) VALUES ('878fe7c6-0622-4429-904c-b37f2eb06c50', 'bb1ebc24-2b64-49d1-975f-bd01ac7f18a2', 2);
INSERT INTO morse_levels (id, path_id, number) VALUES ('3ae110ac-53d8-44b9-8c60-f10511ae8fe6', 'bb1ebc24-2b64-49d1-975f-bd01ac7f18a2', 3);
INSERT INTO morse_levels (id, path_id, number) VALUES ('af98d294-76ff-45d7-9878-2d7066019bf4', 'bb1ebc24-2b64-49d1-975f-bd01ac7f18a2', 4);
INSERT INTO morse_levels (id, path_id, number) VALUES ('f5ebd218-d926-421d-8e12-66bb1f8d4ea3', '5cce8632-5ed5-47cb-b348-9c29c17a45de', 1);
INSERT INTO morse_levels (id, path_id, number) VALUES ('b41d985f-03eb-486c-9afd-0cc91db1a887', '5cce8632-5ed5-47cb-b348-9c29c17a45de', 2);
INSERT INTO morse_levels (id, path_id, number) VALUES ('aa0695e7-35e8-49bd-b5c2-332985156151', '5cce8632-5ed5-47cb-b348-9c29c17a45de', 3);
INSERT INTO morse_levels (id, path_id, number) VALUES ('87331935-fbda-49fe-a380-111e23dfc371', '5cce8632-5ed5-47cb-b348-9c29c17a45de', 4);
INSERT INTO morse_levels (id, path_id, number) VALUES ('4c64e8aa-a828-45d5-85e0-1126b5e17e56', '5cce8632-5ed5-47cb-b348-9c29c17a45de', 5);
INSERT INTO morse_levels (id, path_id, number) VALUES ('6d37398f-1051-4c8d-a927-84da48828565', 'bd6bf586-0a13-45fc-8015-344c54559ab7', 1);
INSERT INTO morse_levels (id, path_id, number) VALUES ('8fd9fb36-da3d-42db-ad1f-26b741848f0d', 'bd6bf586-0a13-45fc-8015-344c54559ab7', 2);
INSERT INTO morse_levels (id, path_id, number) VALUES ('35853f4b-f6a5-4275-be81-8f0a4ef91f17', 'bd6bf586-0a13-45fc-8015-344c54559ab7', 3);
INSERT INTO morse_levels (id, path_id, number) VALUES ('f99d4418-9f6c-4a44-9aef-589c1f99534f', '9664b5d8-efc7-43fd-a2a6-6c3d2ea0ea25', 1);
INSERT INTO morse_levels (id, path_id, number) VALUES ('6588ffcc-1b45-4798-91ba-f3eaaf14b0ee', '9664b5d8-efc7-43fd-a2a6-6c3d2ea0ea25', 2);
INSERT INTO morse_levels (id, path_id, number) VALUES ('ec578170-c6ff-4918-b58d-2044d8bdca8a', '9664b5d8-efc7-43fd-a2a6-6c3d2ea0ea25', 3);
INSERT INTO morse_levels (id, path_id, number) VALUES ('6be4c802-a9b1-4677-a664-557ca133b746', '9664b5d8-efc7-43fd-a2a6-6c3d2ea0ea25', 4);
INSERT INTO morse_levels (id, path_id, number) VALUES ('924c1ad6-16f0-4c36-960a-f4afe2ed18cb', '9664b5d8-efc7-43fd-a2a6-6c3d2ea0ea25', 5);
INSERT INTO morse_levels (id, path_id, number) VALUES ('88f50886-7859-4e2b-b63b-2b7246358173', '389dd8e1-17d5-4ca3-bf7b-457203d275ed', 1);
INSERT INTO morse_levels (id, path_id, number) VALUES ('02552ff5-91bd-4ac2-afa9-d151d307f27f', '389dd8e1-17d5-4ca3-bf7b-457203d275ed', 2);
INSERT INTO morse_levels (id, path_id, number) VALUES ('179fb252-c2a9-4144-8a90-11870387a03a', '389dd8e1-17d5-4ca3-bf7b-457203d275ed', 3);
INSERT INTO morse_levels (id, path_id, number) VALUES ('cd2b0564-2fb4-4f14-9e98-7b91d34087cc', '389dd8e1-17d5-4ca3-bf7b-457203d275ed', 4);
INSERT INTO morse_levels (id, path_id, number) VALUES ('e127669e-707b-4dec-aac6-b8ca466d82e7', '389dd8e1-17d5-4ca3-bf7b-457203d275ed', 5);

-- Courses
INSERT INTO morse_courses (id, level_id, title, slug, image_url, percent_complete, is_updated, desktop_only, retiring_on, path_id) VALUES ('vOK1Omw3mOSpWhOBK', 'd694995e-1476-4992-95a2-0159e662afbb', 'Solving Equations', 'pre-algebra', 'https://ds055uzetaobb.cloudfront.net/brioche/chapter/pre-algebra-OzcAr4.png', 100, false, false, NULL, '7f8d5e73-9c1c-4a26-9ff0-24f528aa7614');
INSERT INTO morse_courses (id, level_id, title, slug, image_url, percent_complete, is_updated, desktop_only, retiring_on, path_id) VALUES ('0BnrB37W3BSzKcxxY', 'd694995e-1476-4992-95a2-0159e662afbb', 'Visual Algebra', 'systems-of-equations', 'https://ds055uzetaobb.cloudfront.net/brioche/chapter/visual_algebra_course_card-251yed.png', 0, false, false, NULL, '7f8d5e73-9c1c-4a26-9ff0-24f528aa7614');
INSERT INTO morse_courses (id, level_id, title, slug, image_url, percent_complete, is_updated, desktop_only, retiring_on, path_id) VALUES ('jZ5vZbVlbZTGjcbG5', '82031b2d-0d5b-4ce8-9ec3-28b642ddd1da', 'Real-World Algebra', 'using-variables', 'https://ds055uzetaobb.cloudfront.net/brioche/chapter/VariablesCourseCard_960x960-75LzA9.png', 5, false, false, NULL, '7f8d5e73-9c1c-4a26-9ff0-24f528aa7614');
INSERT INTO morse_courses (id, level_id, title, slug, image_url, percent_complete, is_updated, desktop_only, retiring_on, path_id) VALUES ('ep5DpklqkpSpJID86', '82031b2d-0d5b-4ce8-9ec3-28b642ddd1da', 'Understanding Graphs', 'introduction-to-algebra', 'https://ds055uzetaobb.cloudfront.net/brioche/chapter/introduction-to-algebra-6aL7ww.png', 2, false, false, NULL, '7f8d5e73-9c1c-4a26-9ff0-24f528aa7614');
INSERT INTO morse_courses (id, level_id, title, slug, image_url, percent_complete, is_updated, desktop_only, retiring_on, path_id) VALUES ('xa0qa6wA6acNOCpyE', 'd4555ef4-1759-4324-a4f1-a9b048fab2e2', 'Geometry', 'geometry-fundamentals', 'https://ds055uzetaobb.cloudfront.net/brioche/chapter/geometry-fundamentals-R3GX1g.png', 99, false, false, NULL, '7f8d5e73-9c1c-4a26-9ff0-24f528aa7614');
INSERT INTO morse_courses (id, level_id, title, slug, image_url, percent_complete, is_updated, desktop_only, retiring_on, path_id) VALUES ('LdY7dLzGLduoAH6yd', 'd4555ef4-1759-4324-a4f1-a9b048fab2e2', 'Functions', 'graphing-and-modeling', 'https://ds055uzetaobb.cloudfront.net/brioche/chapter/graphing-and-modeling-R2ewSf.png', 0, false, false, NULL, '7f8d5e73-9c1c-4a26-9ff0-24f528aa7614');
INSERT INTO morse_courses (id, level_id, title, slug, image_url, percent_complete, is_updated, desktop_only, retiring_on, path_id) VALUES ('LdY7dLzGLdulesNME', '3ac287a5-6810-47a9-b056-49f01b1d6243', 'Vectors and Linear Algebra', 'vectors', 'https://ds055uzetaobb.cloudfront.net/brioche/chapter/vectors-Grpuo7.png', 0, false, false, NULL, '7f8d5e73-9c1c-4a26-9ff0-24f528aa7614');
INSERT INTO morse_courses (id, level_id, title, slug, image_url, percent_complete, is_updated, desktop_only, retiring_on, path_id) VALUES ('306p0v5zv0ukqCKnl', '3ac287a5-6810-47a9-b056-49f01b1d6243', 'Trigonometry', 'trigonometry', 'https://ds055uzetaobb.cloudfront.net/brioche/chapter/Trigonometry-gkk2Ei.png', 0, false, false, NULL, '7f8d5e73-9c1c-4a26-9ff0-24f528aa7614');
INSERT INTO morse_courses (id, level_id, title, slug, image_url, percent_complete, is_updated, desktop_only, retiring_on, path_id) VALUES ('8d6kdJweJdu0vTOJQ', '2b5704e2-0f06-4161-806f-4f9f36c2e6ca', 'Calculus', 'calculus-nutshell', 'https://ds055uzetaobb.cloudfront.net/brioche/chapter/calculus-nutshell-1DhUxj.png', 0, false, false, NULL, '7f8d5e73-9c1c-4a26-9ff0-24f528aa7614');
INSERT INTO morse_courses (id, level_id, title, slug, image_url, percent_complete, is_updated, desktop_only, retiring_on, path_id) VALUES ('mjMzjn6qnjF1wiN3J', 'd694995e-1476-4992-95a2-0159e662afbb', 'Scientific Thinking', 'puzzle-science', 'https://ds055uzetaobb.cloudfront.net/brioche/chapter/puzzle-science-Te3zoj.png', 7, true, false, NULL, '7869b4ca-c04e-402b-8a3c-804c48f546b7');
INSERT INTO morse_courses (id, level_id, title, slug, image_url, percent_complete, is_updated, desktop_only, retiring_on, path_id) VALUES ('d35Z3a4ba3IXfxE', '82031b2d-0d5b-4ce8-9ec3-28b642ddd1da', 'Physics of the Everyday', 'physics-everyday', 'https://ds055uzetaobb.cloudfront.net/brioche/chapter/physics-everyday-RwrOIH.png', 0, false, false, NULL, '7869b4ca-c04e-402b-8a3c-804c48f546b7');
INSERT INTO morse_courses (id, level_id, title, slug, image_url, percent_complete, is_updated, desktop_only, retiring_on, path_id) VALUES ('QNBpNXYZXNIqH3qj', '82031b2d-0d5b-4ce8-9ec3-28b642ddd1da', 'Classical Mechanics', 'dynamics-bootcamp', 'https://ds055uzetaobb.cloudfront.net/brioche/chapter/dynamics-bootcamp-bOTYeo.png', 0, false, false, NULL, '7869b4ca-c04e-402b-8a3c-804c48f546b7');
INSERT INTO morse_courses (id, level_id, title, slug, image_url, percent_complete, is_updated, desktop_only, retiring_on, path_id) VALUES ('EOKxOdlqdOSAQFrq', 'd4555ef4-1759-4324-a4f1-a9b048fab2e2', 'Kurzgesagt – Beyond the Nutshell', 'nutshell', 'https://ds055uzetaobb.cloudfront.net/brioche/chapter/Brilliant-Kurzgesagt_Logo_02_1_1-o6XxYQ.png', 0, false, false, NULL, '7869b4ca-c04e-402b-8a3c-804c48f546b7');
INSERT INTO morse_courses (id, level_id, title, slug, image_url, percent_complete, is_updated, desktop_only, retiring_on, path_id) VALUES ('xa0qa6wA6acNDT7K', 'd4555ef4-1759-4324-a4f1-a9b048fab2e2', 'Electricity and Magnetism', 'electromagnetism', 'https://ds055uzetaobb.cloudfront.net/brioche/chapter/electromagnetism-AzFMTl.png', 0, false, false, NULL, '7869b4ca-c04e-402b-8a3c-804c48f546b7');
INSERT INTO morse_courses (id, level_id, title, slug, image_url, percent_complete, is_updated, desktop_only, retiring_on, path_id) VALUES ('Or4OrzbWzrSKRtyq', '3ac287a5-6810-47a9-b056-49f01b1d6243', 'Quantum Mechanics with Sabine', 'sabine', 'https://ds055uzetaobb.cloudfront.net/brioche/chapter/Quantum_Mechanics_with_Sabine-xyAhEq.png', 0, false, false, NULL, '7869b4ca-c04e-402b-8a3c-804c48f546b7');
INSERT INTO morse_courses (id, level_id, title, slug, image_url, percent_complete, is_updated, desktop_only, retiring_on, path_id) VALUES ('np3zpQXYQpSrqTQM', '3ac287a5-6810-47a9-b056-49f01b1d6243', 'Special Relativity', 'special-relativity', 'https://ds055uzetaobb.cloudfront.net/brioche/chapter/special-relativity-ZZpyj9.png', 0, false, false, NULL, '7869b4ca-c04e-402b-8a3c-804c48f546b7');
INSERT INTO morse_courses (id, level_id, title, slug, image_url, percent_complete, is_updated, desktop_only, retiring_on, path_id) VALUES ('GXKVX4Ed4XFvMTrr', '2b5704e2-0f06-4161-806f-4f9f36c2e6ca', 'Quantum Computing', 'quantum-computing', 'https://ds055uzetaobb.cloudfront.net/brioche/chapter/quantum-computing-UHpCJ1.png', 0, false, false, NULL, '7869b4ca-c04e-402b-8a3c-804c48f546b7');
INSERT INTO morse_courses (id, level_id, title, slug, image_url, percent_complete, is_updated, desktop_only, retiring_on, path_id) VALUES ('AZKkZ0YR0ZTWaTbB', 'd694995e-1476-4992-95a2-0159e662afbb', 'Exploring Data Visually', 'visual-exploration', 'https://ds055uzetaobb.cloudfront.net/brioche/chapter/visual-exploration-BLJTGf.png', 0, false, false, NULL, 'e38385d3-7a4a-459d-9eb5-0178cff0afbd');
INSERT INTO morse_courses (id, level_id, title, slug, image_url, percent_complete, is_updated, desktop_only, retiring_on, path_id) VALUES ('RRErROdpORTvJTJ7', 'd694995e-1476-4992-95a2-0159e662afbb', 'Case Study: Unlocking Rental Value on Airbnb', 'capstone-making-money-witih-airbnb', 'https://ds055uzetaobb.cloudfront.net/brioche/chapter/capstone-making-money-witih-airbnb-NDlGk9.png', 0, false, false, NULL, 'e38385d3-7a4a-459d-9eb5-0178cff0afbd');
INSERT INTO morse_courses (id, level_id, title, slug, image_url, percent_complete, is_updated, desktop_only, retiring_on, path_id) VALUES ('D7jk7Y4bY7FloFExO', '82031b2d-0d5b-4ce8-9ec3-28b642ddd1da', 'Introduction to Probability', 'probability-fundamentals', 'https://ds055uzetaobb.cloudfront.net/brioche/chapter/probability-fundamentals-9v92rY.png', 0, false, false, NULL, 'e38385d3-7a4a-459d-9eb5-0178cff0afbd');
INSERT INTO morse_courses (id, level_id, title, slug, image_url, percent_complete, is_updated, desktop_only, retiring_on, path_id) VALUES ('LdY7dLzGLduWvsqV', '82031b2d-0d5b-4ce8-9ec3-28b642ddd1da', 'Case Study: Going Viral on X', 'capstone-twitterx-viral-tracking', 'https://ds055uzetaobb.cloudfront.net/brioche/chapter/capstone-twitterx-viral-tracking-rt01GG.png', 0, false, false, NULL, 'e38385d3-7a4a-459d-9eb5-0178cff0afbd');
INSERT INTO morse_courses (id, level_id, title, slug, image_url, percent_complete, is_updated, desktop_only, retiring_on, path_id) VALUES ('6q6ZqM5WMqfj1U6m', 'd4555ef4-1759-4324-a4f1-a9b048fab2e2', 'Predicting with Probability', 'probabilistic-prediction', 'https://ds055uzetaobb.cloudfront.net/brioche/chapter/probabilistic-prediction-cAC5U1.png', 0, false, false, NULL, 'e38385d3-7a4a-459d-9eb5-0178cff0afbd');
INSERT INTO morse_courses (id, level_id, title, slug, image_url, percent_complete, is_updated, desktop_only, retiring_on, path_id) VALUES ('LdY7dLzGLduWoTEj', 'd4555ef4-1759-4324-a4f1-a9b048fab2e2', 'Case Study: Topping the Charts with Spotify', 'capstone-spotify', 'https://ds055uzetaobb.cloudfront.net/brioche/chapter/capstone-spotify-L7f7vf.png', 0, false, false, NULL, 'e38385d3-7a4a-459d-9eb5-0178cff0afbd');
INSERT INTO morse_courses (id, level_id, title, slug, image_url, percent_complete, is_updated, desktop_only, retiring_on, path_id) VALUES ('JqbDqEVlEqfJkhXA', '3ac287a5-6810-47a9-b056-49f01b1d6243', 'Building Regression Models', 'explaining-variation', 'https://ds055uzetaobb.cloudfront.net/brioche/chapter/explaining-variation-LbNO6h.png', 0, false, false, NULL, 'e38385d3-7a4a-459d-9eb5-0178cff0afbd');
INSERT INTO morse_courses (id, level_id, title, slug, image_url, percent_complete, is_updated, desktop_only, retiring_on, path_id) VALUES ('EOKxOdlqdOSLkuO7', '3ac287a5-6810-47a9-b056-49f01b1d6243', 'Case Study: Maximizing Electric Car Value', 'capstone-pricing-electric-vehicles', 'https://ds055uzetaobb.cloudfront.net/brioche/chapter/capstone-pricing-electric-vehicles-5KzO8N.png', 0, false, false, NULL, 'e38385d3-7a4a-459d-9eb5-0178cff0afbd');
INSERT INTO morse_courses (id, level_id, title, slug, image_url, percent_complete, is_updated, desktop_only, retiring_on, path_id) VALUES ('KYq0YRmBRYUkOiaq', '2b5704e2-0f06-4161-806f-4f9f36c2e6ca', 'Clustering', 'clustering', 'https://ds055uzetaobb.cloudfront.net/brioche/chapter/clusteringCourseCard_960x960-MMVpvJ.png', 0, false, false, NULL, 'e38385d3-7a4a-459d-9eb5-0178cff0afbd');
INSERT INTO morse_courses (id, level_id, title, slug, image_url, percent_complete, is_updated, desktop_only, retiring_on, path_id) VALUES ('RRErROdpORTk4T6jJ', 'd694995e-1476-4992-95a2-0159e662afbb', 'Thinking in Code', 'thinking-in-code', 'https://ds055uzetaobb.cloudfront.net/brioche/chapter/Size960_by_960_1-6W4HJ6.png', 25, true, false, NULL, '1ab753b5-ac70-4e76-a64d-246678bb010d');
INSERT INTO morse_courses (id, level_id, title, slug, image_url, percent_complete, is_updated, desktop_only, retiring_on, path_id) VALUES ('yRrYRXkDXRTLnTWmW', 'd694995e-1476-4992-95a2-0159e662afbb', 'Programming with Variables', 'creative-coding', 'https://ds055uzetaobb.cloudfront.net/brioche/chapter/creative-coding-XgYZa1.png', 1, false, false, NULL, '1ab753b5-ac70-4e76-a64d-246678bb010d');
INSERT INTO morse_courses (id, level_id, title, slug, image_url, percent_complete, is_updated, desktop_only, retiring_on, path_id) VALUES ('oZX3Z4Nd4ZTQaFqy8', '82031b2d-0d5b-4ce8-9ec3-28b642ddd1da', 'Programming with Python', 'programming-python', 'https://ds055uzetaobb.cloudfront.net/brioche/chapter/programming-python-dmduOj.png', 21, true, false, NULL, '1ab753b5-ac70-4e76-a64d-246678bb010d');
INSERT INTO morse_courses (id, level_id, title, slug, image_url, percent_complete, is_updated, desktop_only, retiring_on, path_id) VALUES ('d35Z3a4ba3IZyiBO', '82031b2d-0d5b-4ce8-9ec3-28b642ddd1da', 'Introduction to Algorithms', 'computer-science-algorithms', 'https://ds055uzetaobb.cloudfront.net/brioche/chapter/computer-science-algorithms-nwHk4m.png', 26, false, false, NULL, '1ab753b5-ac70-4e76-a64d-246678bb010d');
INSERT INTO morse_courses (id, level_id, title, slug, image_url, percent_complete, is_updated, desktop_only, retiring_on, path_id) VALUES ('jZ5vZbVlbZTXJF7v', 'd4555ef4-1759-4324-a4f1-a9b048fab2e2', 'Next Steps in Python', 'python-next-steps', 'https://ds055uzetaobb.cloudfront.net/brioche/chapter/python-next-steps-E549hB.png', 0, false, false, NULL, '1ab753b5-ac70-4e76-a64d-246678bb010d');
INSERT INTO morse_courses (id, level_id, title, slug, image_url, percent_complete, is_updated, desktop_only, retiring_on, path_id) VALUES ('d35Z3a4ba3IqdivMQ', 'd4555ef4-1759-4324-a4f1-a9b048fab2e2', 'Next Steps in Computer Science', 'computer-science-essentials', 'https://ds055uzetaobb.cloudfront.net/brioche/chapter/computer-science-essentials-p1VhGo.png', 13, true, false, NULL, '1ab753b5-ac70-4e76-a64d-246678bb010d');
INSERT INTO morse_courses (id, level_id, title, slug, image_url, percent_complete, is_updated, desktop_only, retiring_on, path_id) VALUES ('xa0qa6wA6ackvuYj', '3ac287a5-6810-47a9-b056-49f01b1d6243', 'Applied Python', 'python-text-analysis', 'https://ds055uzetaobb.cloudfront.net/brioche/chapter/Text_Analysis_in_Python-rcga5J.png', 0, false, false, NULL, '1ab753b5-ac70-4e76-a64d-246678bb010d');
INSERT INTO morse_courses (id, level_id, title, slug, image_url, percent_complete, is_updated, desktop_only, retiring_on, path_id) VALUES ('Xopao3Rn3oc0Bf0wB', '3ac287a5-6810-47a9-b056-49f01b1d6243', 'Event-Driven Programming', 'designing-programs', 'https://ds055uzetaobb.cloudfront.net/brioche/chapter/Designing_Programs_Course_Card-Bkn4k5.png', 0, false, true, NULL, '1ab753b5-ac70-4e76-a64d-246678bb010d');
INSERT INTO morse_courses (id, level_id, title, slug, image_url, percent_complete, is_updated, desktop_only, retiring_on, path_id) VALUES ('jZ5vZbVlbZTapfM', '2b5704e2-0f06-4161-806f-4f9f36c2e6ca', 'Introduction to Neural Networks', 'intro-neural-networks', 'https://ds055uzetaobb.cloudfront.net/brioche/chapter/intro-neural-networks-MS8bJL.png', 6, false, false, NULL, '1ab753b5-ac70-4e76-a64d-246678bb010d');
INSERT INTO morse_courses (id, level_id, title, slug, image_url, percent_complete, is_updated, desktop_only, retiring_on, path_id) VALUES ('D7jk7Y4bY7F6kcEW3', 'd694995e-1476-4992-95a2-0159e662afbb', 'Logic', 'logic-deduction', 'https://ds055uzetaobb.cloudfront.net/brioche/chapter/logic-deduction-M7p41u.png', 16, true, false, NULL, 'bb1ebc24-2b64-49d1-975f-bd01ac7f18a2');
INSERT INTO morse_courses (id, level_id, title, slug, image_url, percent_complete, is_updated, desktop_only, retiring_on, path_id) VALUES ('8d6kdJweJdu0aS3A', '82031b2d-0d5b-4ce8-9ec3-28b642ddd1da', 'Logic II', 'logical-languages', 'https://ds055uzetaobb.cloudfront.net/brioche/chapter/logical-languages-gR02Vh.png', 0, false, false, NULL, 'bb1ebc24-2b64-49d1-975f-bd01ac7f18a2');
INSERT INTO morse_courses (id, level_id, title, slug, image_url, percent_complete, is_updated, desktop_only, retiring_on, path_id) VALUES ('z1zd1OA3O1SV4sdQd', 'd4555ef4-1759-4324-a4f1-a9b048fab2e2', 'Everyday Math', 'basic-math', 'https://ds055uzetaobb.cloudfront.net/brioche/chapter/basic-math-VkbtTP.png', 4, false, false, NULL, 'bb1ebc24-2b64-49d1-975f-bd01ac7f18a2');
INSERT INTO morse_courses (id, level_id, title, slug, image_url, percent_complete, is_updated, desktop_only, retiring_on, path_id) VALUES ('pxXDxl3QlxTWQiqN4', '3ac287a5-6810-47a9-b056-49f01b1d6243', 'Mathematical Thinking', 'math-fundamentals', 'https://ds055uzetaobb.cloudfront.net/brioche/chapter/math-fundamentals-VTRUJP.png', 17, false, false, NULL, 'bb1ebc24-2b64-49d1-975f-bd01ac7f18a2');
INSERT INTO morse_courses (id, level_id, title, slug, image_url, percent_complete, is_updated, desktop_only, retiring_on, path_id) VALUES ('RRErROdpORTvQu87', 'd694995e-1476-4992-95a2-0159e662afbb', 'How LLMs Work', 'how-llms-work', 'https://ds055uzetaobb.cloudfront.net/brioche/chapter/how-llms-work-z7ovbF.png', 0, false, false, NULL, '5cce8632-5ed5-47cb-b348-9c29c17a45de');
INSERT INTO morse_courses (id, level_id, title, slug, image_url, percent_complete, is_updated, desktop_only, retiring_on, path_id) VALUES ('Y8pb8xL4x8S1Xuv1', '82031b2d-0d5b-4ce8-9ec3-28b642ddd1da', 'How Technology Works', 'how-computers-work', 'https://ds055uzetaobb.cloudfront.net/brioche/chapter/how-computers-work-MYnrqg.png', 0, false, false, NULL, '5cce8632-5ed5-47cb-b348-9c29c17a45de');
INSERT INTO morse_courses (id, level_id, title, slug, image_url, percent_complete, is_updated, desktop_only, retiring_on, path_id) VALUES ('D7jk7Y4bY7FllHdy', 'd4555ef4-1759-4324-a4f1-a9b048fab2e2', 'Search Engines', 'search-fundamentals', 'https://ds055uzetaobb.cloudfront.net/brioche/chapter/search-fundamentals-uj5hA1.png', 0, false, false, NULL, '5cce8632-5ed5-47cb-b348-9c29c17a45de');
INSERT INTO morse_courses (id, level_id, title, slug, image_url, percent_complete, is_updated, desktop_only, retiring_on, path_id) VALUES ('kZ8DZqmBqZTqNu6O', '3ac287a5-6810-47a9-b056-49f01b1d6243', 'Cryptocurrency', 'cryptocurrency', 'https://ds055uzetaobb.cloudfront.net/brioche/chapter/cryptocurrency-ksKqSq.png', 0, false, false, NULL, '5cce8632-5ed5-47cb-b348-9c29c17a45de');
INSERT INTO morse_courses (id, level_id, title, slug, image_url, percent_complete, is_updated, desktop_only, retiring_on, path_id) VALUES ('GXKVX4Ed4XFvMTrr', '2b5704e2-0f06-4161-806f-4f9f36c2e6ca', 'Quantum Computing', 'quantum-computing', 'https://ds055uzetaobb.cloudfront.net/brioche/chapter/quantum-computing-UHpCJ1.png', 0, false, false, NULL, '5cce8632-5ed5-47cb-b348-9c29c17a45de');
INSERT INTO morse_courses (id, level_id, title, slug, image_url, percent_complete, is_updated, desktop_only, retiring_on, path_id) VALUES ('Xopao3Rn3oc0Bf0wB', '2b5704e2-0f06-4161-806f-4f9f36c2e6ca', 'Event-Driven Programming', 'designing-programs', 'https://ds055uzetaobb.cloudfront.net/brioche/chapter/Designing_Programs_Course_Card-Bkn4k5.png', 0, false, true, NULL, '5cce8632-5ed5-47cb-b348-9c29c17a45de');
INSERT INTO morse_courses (id, level_id, title, slug, image_url, percent_complete, is_updated, desktop_only, retiring_on, path_id) VALUES ('8d6kdJweJdu0vTOJQ', 'd694995e-1476-4992-95a2-0159e662afbb', 'Calculus', 'calculus-nutshell', 'https://ds055uzetaobb.cloudfront.net/brioche/chapter/calculus-nutshell-1DhUxj.png', 0, false, false, NULL, 'bd6bf586-0a13-45fc-8015-344c54559ab7');
INSERT INTO morse_courses (id, level_id, title, slug, image_url, percent_complete, is_updated, desktop_only, retiring_on, path_id) VALUES ('LdY7dLzGLdulesNME', '82031b2d-0d5b-4ce8-9ec3-28b642ddd1da', 'Vectors and Linear Algebra', 'vectors', 'https://ds055uzetaobb.cloudfront.net/brioche/chapter/vectors-Grpuo7.png', 0, false, false, NULL, 'bd6bf586-0a13-45fc-8015-344c54559ab7');
INSERT INTO morse_courses (id, level_id, title, slug, image_url, percent_complete, is_updated, desktop_only, retiring_on, path_id) VALUES ('xa0qa6wA6acbs7B', 'd4555ef4-1759-4324-a4f1-a9b048fab2e2', 'Group Theory', 'group-theory', 'https://ds055uzetaobb.cloudfront.net/brioche/chapter/group-theory-FRXERp.png', 0, false, false, NULL, 'bd6bf586-0a13-45fc-8015-344c54559ab7');
INSERT INTO morse_courses (id, level_id, title, slug, image_url, percent_complete, is_updated, desktop_only, retiring_on, path_id) VALUES ('pxXDxl3QlxTWQiqN4', 'd694995e-1476-4992-95a2-0159e662afbb', 'Mathematical Thinking', 'math-fundamentals', 'https://ds055uzetaobb.cloudfront.net/brioche/chapter/math-fundamentals-VTRUJP.png', 17, false, false, NULL, '9664b5d8-efc7-43fd-a2a6-6c3d2ea0ea25');
INSERT INTO morse_courses (id, level_id, title, slug, image_url, percent_complete, is_updated, desktop_only, retiring_on, path_id) VALUES ('EOKxOdlqdOSVRUW4', '82031b2d-0d5b-4ce8-9ec3-28b642ddd1da', 'Infinity', 'infinity', 'https://ds055uzetaobb.cloudfront.net/brioche/chapter/infinity-CnRf3x.png', 0, false, false, NULL, '9664b5d8-efc7-43fd-a2a6-6c3d2ea0ea25');
INSERT INTO morse_courses (id, level_id, title, slug, image_url, percent_complete, is_updated, desktop_only, retiring_on, path_id) VALUES ('1RVZRxpXxRT7qtOE', '82031b2d-0d5b-4ce8-9ec3-28b642ddd1da', 'Math History', 'math-history', 'https://ds055uzetaobb.cloudfront.net/brioche/chapter/math-history-GhpXZA.png', 0, false, false, NULL, '9664b5d8-efc7-43fd-a2a6-6c3d2ea0ea25');
INSERT INTO morse_courses (id, level_id, title, slug, image_url, percent_complete, is_updated, desktop_only, retiring_on, path_id) VALUES ('oZX3Z4Nd4ZTQOSqd3', 'd4555ef4-1759-4324-a4f1-a9b048fab2e2', 'Geometric Thinking', 'basic-2d-geometry', 'https://ds055uzetaobb.cloudfront.net/brioche/chapter/basic-2d-geometry-gYZzuQ.png', 0, false, false, NULL, '9664b5d8-efc7-43fd-a2a6-6c3d2ea0ea25');
INSERT INTO morse_courses (id, level_id, title, slug, image_url, percent_complete, is_updated, desktop_only, retiring_on, path_id) VALUES ('Y8pb8xL4x8SdvCOW', '3ac287a5-6810-47a9-b056-49f01b1d6243', 'Bayesian Probability', 'knowledge-and-uncertainty', 'https://ds055uzetaobb.cloudfront.net/brioche/chapter/knowledge-and-uncertainty-LErS9z.png', 1, false, false, NULL, '9664b5d8-efc7-43fd-a2a6-6c3d2ea0ea25');
INSERT INTO morse_courses (id, level_id, title, slug, image_url, percent_complete, is_updated, desktop_only, retiring_on, path_id) VALUES ('kZ8DZqmBqZTqnTed8', '3ac287a5-6810-47a9-b056-49f01b1d6243', 'Casino Probability', 'casino-games', 'https://ds055uzetaobb.cloudfront.net/brioche/chapter/casino-UkzVaI.png', 0, false, false, NULL, '9664b5d8-efc7-43fd-a2a6-6c3d2ea0ea25');
INSERT INTO morse_courses (id, level_id, title, slug, image_url, percent_complete, is_updated, desktop_only, retiring_on, path_id) VALUES ('0BnrB37W3BSq1SQ5a', '2b5704e2-0f06-4161-806f-4f9f36c2e6ca', 'Number Theory', 'basic-number-theory', 'https://ds055uzetaobb.cloudfront.net/brioche/chapter/basic-number-theory-zlit1P.png', 0, false, false, NULL, '9664b5d8-efc7-43fd-a2a6-6c3d2ea0ea25');
INSERT INTO morse_courses (id, level_id, title, slug, image_url, percent_complete, is_updated, desktop_only, retiring_on, path_id) VALUES ('1RVZRxpXxRTYlT1Zo', 'd694995e-1476-4992-95a2-0159e662afbb', '100 Days of Puzzles', 'puzzles-100', 'https://ds055uzetaobb.cloudfront.net/brioche/chapter/100_Puzzles-adq1kX.png', 0, false, false, NULL, '389dd8e1-17d5-4ca3-bf7b-457203d275ed');
INSERT INTO morse_courses (id, level_id, title, slug, image_url, percent_complete, is_updated, desktop_only, retiring_on, path_id) VALUES ('7Y6ZYK5WKYUldioY', '82031b2d-0d5b-4ce8-9ec3-28b642ddd1da', 'Strategy Puzzles', 'strategic-puzzles-long-set', 'https://ds055uzetaobb.cloudfront.net/brioche/chapter/strategic-puzzles-long-set-0NgdQ0.png', 0, false, false, NULL, '389dd8e1-17d5-4ca3-bf7b-457203d275ed');
INSERT INTO morse_courses (id, level_id, title, slug, image_url, percent_complete, is_updated, desktop_only, retiring_on, path_id) VALUES ('JqbDqEVlEqfmNuDO', 'd4555ef4-1759-4324-a4f1-a9b048fab2e2', 'Mathematics Puzzles', 'foundation-puzzles-long-set', 'https://ds055uzetaobb.cloudfront.net/brioche/chapter/foundation-puzzles-long-set-Ew8Zyz.png', 0, false, false, NULL, '389dd8e1-17d5-4ca3-bf7b-457203d275ed');
INSERT INTO morse_courses (id, level_id, title, slug, image_url, percent_complete, is_updated, desktop_only, retiring_on, path_id) VALUES ('qn5znBw4BnFNDiExn', 'd4555ef4-1759-4324-a4f1-a9b048fab2e2', 'Science Puzzles', 'science-puzzles-long-set', 'https://ds055uzetaobb.cloudfront.net/brioche/chapter/science-puzzles-long-set-qYZNE6.png', 0, false, false, NULL, '389dd8e1-17d5-4ca3-bf7b-457203d275ed');
INSERT INTO morse_courses (id, level_id, title, slug, image_url, percent_complete, is_updated, desktop_only, retiring_on, path_id) VALUES ('awrEwpY6pwsOyFYr', '3ac287a5-6810-47a9-b056-49f01b1d6243', 'Advanced Math Puzzles', 'advanced-math-puzzles-long-set', 'https://ds055uzetaobb.cloudfront.net/brioche/chapter/advanced-math-puzzles-long-set-uMum8R.png', 0, false, false, NULL, '389dd8e1-17d5-4ca3-bf7b-457203d275ed');
INSERT INTO morse_courses (id, level_id, title, slug, image_url, percent_complete, is_updated, desktop_only, retiring_on, path_id) VALUES ('d35Z3a4ba3I3Ri5Gq', '3ac287a5-6810-47a9-b056-49f01b1d6243', 'Advanced Science Puzzles', 'advanced-science-long-set', 'https://ds055uzetaobb.cloudfront.net/brioche/chapter/advanced-science-long-set-tkpOtZ.png', 0, false, false, NULL, '389dd8e1-17d5-4ca3-bf7b-457203d275ed');
INSERT INTO morse_courses (id, level_id, title, slug, image_url, percent_complete, is_updated, desktop_only, retiring_on, path_id) VALUES ('AZKkZ0YR0ZTk0tLld', '2b5704e2-0f06-4161-806f-4f9f36c2e6ca', 'Contest Math', 'math-competition-fundamentals', 'https://ds055uzetaobb.cloudfront.net/brioche/chapter/math-competition-fundamentals-RwT0fZ.png', 0, false, false, NULL, '389dd8e1-17d5-4ca3-bf7b-457203d275ed');

-- Color Schemes
INSERT INTO morse_color_schemes (id, path_id, s300, s500, s100, s200, s700) VALUES ('dc8fa178-1500-4d05-84c3-474b0ed68cad', '7f8d5e73-9c1c-4a26-9ff0-24f528aa7614', '#ABBDFF', '#456DFF', '#456DFF44', '#456DFF88', '#456DFFCC');
INSERT INTO morse_color_schemes (id, path_id, s300, s500, s100, s200, s700) VALUES ('bde3590a-f0b2-40cb-ad64-3b20da45d8d9', '7869b4ca-c04e-402b-8a3c-804c48f546b7', '#FCE49D', '#F7C325', '#F7C32544', '#F7C32588', '#F7C325CC');
INSERT INTO morse_color_schemes (id, path_id, s300, s500, s100, s200, s700) VALUES ('a5b84419-620b-455e-b554-57bd59e3e8cb', 'e38385d3-7a4a-459d-9eb5-0178cff0afbd', '#FFCC9C', '#FF8D23', '#FF8D2344', '#FF8D2388', '#FF8D23CC');
INSERT INTO morse_color_schemes (id, path_id, s300, s500, s100, s200, s700) VALUES ('f391e64b-a1cb-4c8e-b465-2e4628af1778', '1ab753b5-ac70-4e76-a64d-246678bb010d', '#D3B8FF', '#9D62FF', '#9D62FF44', '#9D62FF88', '#9D62FFCC');
INSERT INTO morse_color_schemes (id, path_id, s300, s500, s100, s200, s700) VALUES ('a73ca29b-4040-45e9-83b3-5b7a5a075d93', 'bb1ebc24-2b64-49d1-975f-bd01ac7f18a2', '#ABBDFF', '#456DFF', '#456DFF44', '#456DFF88', '#456DFFCC');
INSERT INTO morse_color_schemes (id, path_id, s300, s500, s100, s200, s700) VALUES ('963711df-6800-4464-94b9-9b79265164b0', '5cce8632-5ed5-47cb-b348-9c29c17a45de', '#D3B8FF', '#9D62FF', '#9D62FF44', '#9D62FF88', '#9D62FFCC');
INSERT INTO morse_color_schemes (id, path_id, s300, s500, s100, s200, s700) VALUES ('e5c2cdc4-ad73-4e61-9af7-1dd02f0d9927', 'bd6bf586-0a13-45fc-8015-344c54559ab7', '#ABBDFF', '#456DFF', '#456DFF44', '#456DFF88', '#456DFFCC');
INSERT INTO morse_color_schemes (id, path_id, s300, s500, s100, s200, s700) VALUES ('b1516809-48d6-472f-83b5-4ba12aa5634e', '9664b5d8-efc7-43fd-a2a6-6c3d2ea0ea25', '#ABBDFF', '#456DFF', '#456DFF44', '#456DFF88', '#456DFFCC');
INSERT INTO morse_color_schemes (id, path_id, s300, s500, s100, s200, s700) VALUES ('6c423bfe-cd39-4840-ada6-615dca29f6a5', '389dd8e1-17d5-4ca3-bf7b-457203d275ed', '#ABBDFF', '#456DFF', '#456DFF44', '#456DFF88', '#456DFFCC');